{"loss": [0.09496492892503738, 0.045647770166397095, 0.03847773000597954, 0.03536275401711464, 0.033827345818281174, 0.03267863392829895, 0.03176617994904518, 0.031159721314907074, 0.030828513205051422, 0.030342360958456993, 0.0301053486764431, 0.02965644933283329, 0.02954859659075737, 0.0292246975004673, 0.029227184131741524, 0.028838252648711205, 0.028870537877082825, 0.028400389477610588, 0.02845855988562107, 0.028167203068733215, 0.028452791273593903, 0.028100907802581787, 0.027778292074799538, 0.028052689507603645, 0.02778857946395874, 0.0276838056743145, 0.02753419056534767, 0.027524150907993317, 0.027584822848439217, 0.027299607172608376, 0.0273125022649765, 0.0271336380392313, 0.02699359878897667, 0.02714640460908413, 0.027093909680843353, 0.026993820443749428, 0.026948483660817146, 0.026935486122965813, 0.02686808630824089, 0.02677992731332779, 0.026623690500855446, 0.0267522893846035, 0.026870928704738617, 0.02678888849914074, 0.026574715971946716, 0.02626745216548443, 0.026322996243834496, 0.026072435081005096, 0.02640048786997795, 0.02639366127550602, 0.026287831366062164, 0.02630479633808136, 0.026492957025766373, 0.026317814365029335, 0.026314307004213333, 0.02610992267727852, 0.026183193549513817, 0.026415031403303146, 0.0262219849973917, 0.02608226239681244, 0.026037005707621574, 0.02609359100461006, 0.026075080037117004, 0.02613142877817154, 0.02607445791363716, 0.026068486273288727, 0.02625352144241333, 0.025893693789839745, 0.02607104927301407, 0.026131609454751015, 0.02606017142534256], "loss_total": [0.08969171345233917, 0.04517301172018051, 0.038143835961818695, 0.03513762354850769, 0.033645451068878174, 0.03250515088438988, 0.031596407294273376, 0.0310061052441597, 0.030672430992126465, 0.030201194807887077, 0.029959281906485558, 0.02951018512248993, 0.029405735433101654, 0.029082903638482094, 0.02909296564757824, 0.02870330587029457, 0.028729138895869255, 0.028257884085178375, 0.028324907645583153, 0.028030138462781906, 0.02832168899476528, 0.027964528650045395, 0.02763943001627922, 0.027918605133891106, 0.027656862512230873, 0.02755945548415184, 0.027404997497797012, 0.027402646839618683, 0.02746073342859745, 0.027177078649401665, 0.027196301147341728, 0.027010774239897728, 0.026874251663684845, 0.02702917344868183, 0.026977287605404854, 0.02688000537455082, 0.02683420479297638, 0.02682586945593357, 0.02675344981253147, 0.026671437546610832, 0.026512645184993744, 0.026648422703146935, 0.026767132803797722, 0.026674235239624977, 0.026471897959709167, 0.02615926042199135, 0.026217537000775337, 0.025958525016903877, 0.026282405480742455, 0.02628190815448761, 0.026182450354099274, 0.026203082874417305, 0.026389965787529945, 0.026213129982352257, 0.026209022849798203, 0.02599816955626011, 0.026086261495947838, 0.026313861832022667, 0.02612369880080223, 0.02597944810986519, 0.025939729064702988, 0.025993729010224342, 0.02597336657345295, 0.02603406272828579, 0.02597549930214882, 0.025972625240683556, 0.026155803352594376, 0.025795403867959976, 0.025979356840252876, 0.026032887399196625, 0.025962643325328827], "loss1_rank_triplet": [0.0002265266957692802, 7.288532651728019e-05, 3.083012779825367e-05, 1.4919647583155893e-05, 1.867373794084415e-05, 1.4051890502742026e-05, 7.261503014888149e-06, 8.127675755531527e-06, 6.284856681304518e-06, 1.1090348380093928e-05, 1.3573345313488971e-05, 6.691401722491719e-06, 5.336141839507036e-06, 8.979172889667097e-06, 1.003731358650839e-05, 5.756649443355855e-06, 1.1164913303218782e-05, 1.2834798326366581e-05, 9.252732525055762e-06, 8.318524123751558e-06, 1.266224808205152e-05, 1.1896098840225022e-05, 1.3507115909305867e-05, 9.10278413357446e-06, 7.313396054087207e-06, 5.720442459278274e-06, 1.173807140730787e-05, 1.427120605512755e-05, 1.1690952305798419e-05, 8.352954864676576e-06, 1.1184548384335358e-05, 1.033215994539205e-05, 1.145159694715403e-05, 1.9364761101314798e-05, 1.8292801541974768e-05, 1.530817462480627e-05, 9.836728168011177e-06, 9.467149538977537e-06, 1.5337416698457673e-05, 1.5808440366527066e-05, 2.128808046109043e-05, 1.9935199816245586e-05, 1.7372818547300994e-05, 2.353061063331552e-05, 1.1297967830614652e-05, 9.266123925044667e-06, 2.20465208258247e-05, 1.410982440575026e-05, 1.4799152268096805e-05, 1.6295785826514475e-05, 1.8232123693451285e-05, 1.820913894334808e-05, 2.1080464648548514e-05, 1.3899300938646775e-05, 2.0244413462933153e-05, 5.011371285945643e-06, 1.764866101439111e-05, 1.7901485989568755e-05, 1.3740662325290032e-05, 2.0882267563138157e-05, 1.9492290448397398e-05, 2.3500224415329285e-05, 1.2192034773761407e-05, 2.382733509875834e-05, 2.107237742166035e-05, 1.6008587408578023e-05, 1.6090138160507195e-05, 9.121251423493959e-06, 1.3733492778555956e-05, 1.3123169082973618e-05, 1.5351888578152284e-05], "loss2_mse_target": [0.3580871522426605, 0.18047338724136353, 0.15248285233974457, 0.14050576090812683, 0.13452579081058502, 0.12997844815254211, 0.1263638734817505, 0.12400003522634506, 0.12267086654901505, 0.12077154219150543, 0.11979640275239944, 0.11802066117525101, 0.11760692298412323, 0.1163046732544899, 0.11634175479412079, 0.11479596048593521, 0.11488306522369385, 0.1129930317401886, 0.11327187716960907, 0.11209557950496674, 0.11324875801801682, 0.1118224486708641, 0.11051717400550842, 0.1116470992565155, 0.11060550063848495, 0.11022064834833145, 0.1095847636461258, 0.109567791223526, 0.10980784893035889, 0.10868325084447861, 0.10875166952610016, 0.10801209509372711, 0.10746265947818756, 0.10805859416723251, 0.10785427689552307, 0.10747408866882324, 0.1073072999715805, 0.1072750836610794, 0.10696776956319809, 0.10663832724094391, 0.10598669201135635, 0.10653387755155563, 0.1070164293050766, 0.10662634670734406, 0.10585371404886246, 0.10460925847291946, 0.10480400174856186, 0.10379176586866379, 0.10508523136377335, 0.10507875680923462, 0.10467507690191269, 0.10475771874189377, 0.10549663007259369, 0.10481083393096924, 0.10477535426616669, 0.10397763550281525, 0.10429210215806961, 0.10520175099372864, 0.10445357114076614, 0.10385514050722122, 0.10370044410228729, 0.10390442609786987, 0.10385690629482269, 0.10406474769115448, 0.10383877903223038, 0.10384247452020645, 0.10457492619752884, 0.10315423458814621, 0.10387623310089111, 0.10409218072891235, 0.10380452126264572], "corr_outputs_regulizer": [0.002636582124978304, 0.00023739077732898295, 0.00016695400699973106, 0.00011257046571699902, 9.094864071812481e-05, 8.672935655340552e-05, 8.487958257319406e-05, 7.680851558689028e-05, 7.803443440934643e-05, 7.05794882378541e-05, 7.303744496311992e-05, 7.313421519938856e-05, 7.1424845373258e-05, 7.089425344020128e-05, 6.710940215270966e-05, 6.747288716724142e-05, 7.069998537190259e-05, 7.124512194423005e-05, 6.682109960820526e-05, 6.853303784737363e-05, 6.554576248163357e-05, 6.819619738962501e-05, 6.943397602299228e-05, 6.70531953801401e-05, 6.585622759303078e-05, 6.21819999651052e-05, 6.458913412643597e-05, 6.0749658587155864e-05, 6.204140663612634e-05, 6.12554867984727e-05, 5.810297807329334e-05, 6.143951759440824e-05, 5.965822492726147e-05, 5.8615132729755715e-05, 5.830552618135698e-05, 5.690334728569724e-05, 5.714138751500286e-05, 5.4805601394036785e-05, 5.7315159210702404e-05, 5.425350900623016e-05, 5.552699803956784e-05, 5.1932594942627475e-05, 5.18876186106354e-05, 5.732005229219794e-05, 5.141389920026995e-05, 5.408983997767791e-05, 5.273919305182062e-05, 5.696060543414205e-05, 5.904845238546841e-05, 5.58807842025999e-05, 5.269561006571166e-05, 5.085782686364837e-05, 5.1499158871592954e-05, 5.2336286898935214e-05, 5.26585390616674e-05, 5.587480336544104e-05, 4.846815863857046e-05, 5.057225644122809e-05, 4.913406155537814e-05, 5.1410144806141034e-05, 4.863738649873994e-05, 4.9927901272894815e-05, 5.086529199616052e-05, 4.869027543463744e-05, 4.9483842303743586e-05, 4.793914558831602e-05, 4.8857367801247165e-05, 4.914443343295716e-05, 4.58378744951915e-05, 4.936030018143356e-05, 4.876509410678409e-05],